Id,Module,Category,Since,Changed,Deprecated,Removed,Audience,Permission,Scope,HelpKey,LabelKey,Audit,ReasonRequired,LabelEN,LabelFR,ShortHelpEN,ShortHelpFR,PlayerHelpEN,PlayerHelpFR,OfficerHelpEN,OfficerHelpFR,GMHelpEN,GMHelpFR,ReferenceEN,ReferenceFR,TechnicalEN,TechnicalFR,SourceFile,SourceLine,Symbol
"guild.setup","Installation","setup","0.6.5","","","","developer;gm","","guild","UI_HELP_GUILD_SETUP","DOC_GUILD_SETUP_LABEL","true","false","Guild Setup","Configuration de guilde","Guild Master workflow for reviewing existing Dibs data and activating this guild's shared Dibs ledger. Opening the page does not initialize it.","Parcours reserve au maitre de guilde pour examiner les donnees Dibs existantes et activer le registre partage de la guilde. Ouvrir la page ne l'initialise pas.","","","","","","","","","","","src/modules/Installation.lua","263","Installation.Initialize"
"ledger.adjust","ProtectedActions","ledger","0.6.0","","","","gm;officer","ledger.adjust","guild-season","UI_HELP_DIBS_ADMIN","DOC_LEDGER_ADJUST_LABEL","true","true","Manual Dibs Adjustment","Ajustement manuel des Dibs","Guild Master and authorized Officers can adjust a member's current-season balance. Each change records actor, target, reason, previous balance, and resulting balance in audit history.","Le maitre de guilde et les officiers autorises peuvent ajuster le solde de la saison pour un membre. L'historique conserve l'auteur, la cible, la raison et les soldes avant/apres.","","","","","","","","","","","src/modules/ProtectedActions.lua","222","executeLedgerAdjust"
"ledger.balance","Ledger","ledger","0.6.0","","","","gm;officer;player","","guild-season","UI_HELP_DIB_BALANCE","DOC_LEDGER_BALANCE_LABEL","false","false","Dib Balance","Solde de Dibs","Your available Dibs are scoped to this guild and season. A qualifying finalized award or authorized adjustment changes the balance.","Vos Dibs disponibles sont propres a cette guilde et a cette saison. Un gain eligible finalise ou un ajustement autorise modifie le solde.","","","","","","","","","","","src/modules/Ledger.lua","641","Ledger.GetBalance"
"predibs.encounter.mode","PreDibs","predibs","0.6.0","","","","gm;officer;player","","guild-season","UI_HELP_PREDIB_MODE","DOC_PREDIB_ENCOUNTER_MODE_LABEL","false","false","Encounter Mode","Mode Encounter","Controls when players may submit a Pre-Dib. Encounter mode requires the matching raid and difficulty context; Wild Open may allow requests outside the raid under guild policy.","Determine quand les joueurs peuvent envoyer un Pre-Dib. Le mode Encounter exige le raid et la difficulte correspondants; Wild Open peut autoriser les demandes hors raid selon la politique de guilde.","","","","","","","","","","","src/modules/PreDibs.lua","456","Dibs.PreDibs.ValidatePublicRequest"
"predibs.request","PreDibs","predibs","0.6.0","","","","gm;officer;player","","guild-season","UI_HELP_PREDIB","DOC_PREDIB_REQUEST_LABEL","false","false","Pre-Dib Request","Demande Pre-Dib","A Pre-Dib records your interest in eligible loot. It does not award an item or spend a Dib; that happens only after a qualifying award is finalized.","Un Pre-Dib indique votre interet pour un butin eligible. Il n'attribue pas l'objet et ne depense pas de Dib; cela arrive seulement apres un gain eligible finalise.","","","","","","","","","","","src/modules/PreDibs.lua","574","Dibs.PreDibs.CreatePublic"
"rank.allocation","ProtectedActions","rank-rules","0.6.0","","","","gm;officer","rank.set","guild-season","UI_HELP_RANK_ALLOCATION","DOC_RANK_ALLOCATION_LABEL","false","false","Rank Allocation","Allocation de Dibs par rang","Starting Dibs assigned to a guild rank for the selected season. Changing the rule does not rewrite older ledger entries.","Dibs attribues au depart a un rang de guilde pour la saison selectionnee. Changer la regle ne reecrit pas les anciennes transactions.","","","","","","","","","","","src/modules/ProtectedActions.lua","154","executeRankSet"
"setup.reconciliation","Installation","setup","0.6.5","","","","developer;gm;officer","","guild","UI_HELP_RECONCILIATION","DOC_GUILD_RECONCILIATION_LABEL","false","false","Historical Reconciliation","Rapprochement historique","Review detected historical Dibs entries before the Guild Master initializes the shared ledger. Keep uncertain evidence unresolved until it is understood.","Examinez les entrees Dibs historiques detectees avant que le maitre de guilde initialise le registre partage. Laissez les preuves incertaines sans decision.","","","","","","","","","","","src/modules/Installation.lua","164","Installation.GetReconciliationView"
"sync.coordinator","Governance","governance","0.6.5","","","","developer;gm;officer","","guild","UI_HELP_COORDINATOR","DOC_SYNC_COORDINATOR_LABEL","false","false","Coordinator","Coordinateur","The authorized Dibs client that applies canonical guild-ledger updates. It is normally selected during Guild Setup.","Client Dibs autorise a appliquer les mises a jour canoniques du registre de guilde. Il est normalement choisi pendant la configuration.","","","","","","","","","","","src/modules/Governance.lua","416","Governance.GetAuthorityState"
"sync.protocol.state","SyncV2","protocol","0.6.0","","","","developer","","guild","UI_HELP_TECHNICAL_DETAILS","DOC_SYNC_PROTOCOL_STATE_LABEL","false","false","SyncV2 Protocol State","Etat du protocole SyncV2","Diagnostics may show protocol state such as V2_ENFORCED, ledgerEpoch, and hashes. These identifiers help troubleshooting; ordinary setup uses the status and next action.","Les diagnostics peuvent afficher des etats de protocole comme V2_ENFORCED, ledgerEpoch et les empreintes. Ils servent au depannage; la configuration normale utilise les statuts et actions indiquees.","","","","","","","SyncV2 may report LEGACY_LOCAL before cutover, CUTOVER_PREPARED while writer compatibility is prepared, or V2_ENFORCED after approved enforcement. ledgerEpoch identifies the active canonical ledger generation; legacyBaselineHash identifies the approved legacy baseline.","SyncV2 peut indiquer LEGACY_LOCAL avant le changement, CUTOVER_PREPARED pendant la preparation de compatibilite des ecrivains, ou V2_ENFORCED apres activation approuvee. ledgerEpoch identifie la generation active du registre canonique; legacyBaselineHash identifie la base historique approuvee.","","","src/modules/SyncV2.lua","478","Sync.SetProtocolState"
"sync.status","SyncV2","synchronization","0.6.0","0.6.5","","","gm;officer;player","","guild","UI_HELP_SYNC_STATUS","DOC_SYNC_STATUS_LABEL","false","false","Synchronization","Synchronisation","Shows whether this client can exchange current guild Dibs state. Unavailable or behind clients may be unable to apply canonical updates.","Indique si ce client peut echanger l'etat Dibs actuel de la guilde. Un client indisponible ou en retard peut ne pas appliquer les mises a jour canoniques.","","","","","","","","","","","src/modules/SyncV2.lua","239","Sync.GetStatus"
